id,predominant_stress,miner,rust,phoma,severity
0,0,0,0,0,0
1,0,0,0,0,0
2,0,0,0,0,0
3,0,0,0,0,0
4,0,0,0,0,0
5,0,0,0,0,0
6,0,0,0,0,0
7,0,0,0,0,0
8,0,0,0,0,0
9,0,0,0,0,0
10,0,0,0,0,0
11,0,0,0,0,0
12,0,0,0,0,0
13,0,0,0,0,0
14,0,0,0,0,0
15,0,0,0,0,0
16,0,0,0,0,0
17,0,0,0,0,0
18,0,0,0,0,0
19,3,0,0,1,2
20,1,1,0,0,3
21,1,1,0,0,1
22,1,1,0,0,1
23,1,1,0,0,1
24,1,1,0,0,1
25,1,1,0,0,2
26,1,1,0,0,1
27,1,1,0,0,2
28,1,1,1,0,1
29,1,1,0,0,1
30,1,1,0,0,3
31,1,1,0,0,1
32,1,1,0,0,1
33,1,1,0,0,1
34,1,1,1,0,2
35,1,1,0,0,1
36,1,1,1,0,2
37,1,1,0,0,1
38,1,1,0,0,1
39,1,1,1,0,2
40,1,1,0,0,1
41,1,1,0,0,2
42,1,1,0,0,1
43,1,1,0,0,1
44,1,1,1,0,1
45,1,1,0,0,1
46,1,1,0,0,2
47,1,1,0,0,2
48,1,1,0,0,2
49,1,1,0,0,1
50,1,1,0,0,1
51,1,1,0,0,1
52,1,1,0,0,2
53,1,1,0,0,2
54,1,1,0,0,3
55,1,1,0,0,1
56,1,1,0,0,1
57,1,1,0,0,1
58,1,1,0,0,2
59,1,1,0,0,3
60,1,1,0,0,1
61,1,1,0,0,1
62,1,1,0,0,1
63,1,1,0,0,1
64,1,1,0,0,1
65,1,1,0,0,1
66,1,1,0,0,1
67,1,1,0,0,2
68,1,1,0,0,2
69,1,1,0,0,2
70,1,1,0,0,3
71,1,1,0,0,3
72,1,1,0,0,1
73,1,1,0,0,1
74,1,1,0,0,1
75,1,1,0,0,1
76,1,1,0,0,2
77,1,1,0,0,1
78,1,1,0,0,1
79,1,1,0,0,2
80,1,1,0,0,1
81,1,1,1,0,1
82,1,1,0,0,1
83,1,1,0,0,1
84,1,1,0,0,1
85,1,1,0,0,3
86,1,1,0,0,1
87,2,0,1,0,4
88,2,0,1,0,2
89,2,0,1,0,1
90,2,0,1,0,1
91,2,1,1,0,3
92,2,0,1,0,1
93,2,0,1,0,3
94,2,0,1,0,1
95,2,0,1,0,2
96,2,0,1,0,2
97,2,1,1,0,4
98,2,0,1,0,1
99,2,0,1,0,1
100,2,0,1,0,1
101,2,0,1,0,1
102,2,0,1,0,2
103,2,0,1,0,2
104,2,0,1,0,1
105,2,0,1,0,1
106,2,0,1,0,1
107,2,0,1,0,2
108,2,0,1,0,1
109,2,0,1,0,2
110,2,0,1,0,1
111,2,0,1,0,1
112,2,0,1,0,1
113,2,0,1,0,1
114,2,0,1,0,4
115,2,0,1,0,1
116,2,0,1,0,2
117,2,0,1,0,1
118,2,0,1,0,1
119,2,0,1,0,3
120,2,0,1,0,2
121,2,0,1,0,4
122,2,0,1,0,1
123,2,0,1,0,4
124,2,0,1,0,2
125,2,0,1,0,1
126,2,0,1,0,4
127,2,0,1,0,2
128,2,0,1,0,2
129,2,0,1,0,3
130,2,0,1,0,2
131,2,0,1,0,1
132,2,0,1,0,3
133,2,0,1,0,1
134,1,1,0,0,1
135,2,0,1,0,3
136,2,0,1,0,4
137,2,0,1,0,2
138,2,1,1,0,3
139,2,1,1,0,1
140,2,0,1,0,3
141,2,0,1,0,1
142,2,0,1,0,1
143,2,0,1,0,2
144,2,0,1,0,1
145,2,0,1,0,1
146,2,0,1,0,3
147,2,0,1,0,2
148,2,0,1,0,1
149,2,0,1,0,1
150,2,0,1,0,3
151,2,0,1,0,3
152,2,0,1,0,1
153,2,0,1,0,1
154,2,0,1,0,1
155,2,0,1,0,1
156,2,0,1,0,1
157,2,0,1,0,1
158,2,0,1,0,2
159,2,0,1,0,1
160,2,0,1,0,1
161,2,0,1,0,1
162,2,0,1,0,2
163,2,0,1,0,1
164,2,0,1,0,1
165,2,0,1,0,1
166,2,0,1,0,1
167,0,0,0,0,0
168,2,0,1,0,1
169,2,0,1,0,1
170,2,0,1,0,1
171,0,0,0,0,0
172,0,0,0,0,0
173,0,0,0,0,0
174,0,0,0,0,0
175,0,0,0,0,0
176,0,0,0,0,0
177,0,0,0,0,0
178,0,0,0,0,0
179,0,0,0,0,0
180,0,0,0,0,0
181,0,0,0,0,0
182,0,0,0,0,0
183,0,0,0,0,0
184,0,0,0,0,0
185,0,0,0,0,0
186,0,0,0,0,0
187,0,0,0,0,0
188,0,0,0,0,0
189,0,0,0,0,0
190,0,0,0,0,0
191,0,0,0,0,0
192,0,0,0,0,0
193,0,0,0,0,0
194,0,0,0,0,0
195,0,0,0,0,0
196,0,0,0,0,0
197,0,0,0,0,0
198,0,0,0,0,0
199,0,0,0,0,0
200,0,0,0,0,0
201,0,0,0,0,0
202,0,0,0,0,0
203,0,0,0,0,0
204,0,0,0,0,0
205,0,0,0,0,0
206,0,0,0,0,0
207,0,0,0,0,0
208,0,0,0,0,0
209,1,1,0,0,1
210,1,1,0,0,1
211,1,1,0,0,1
212,1,1,0,0,1
213,1,1,0,0,1
214,1,1,0,0,1
215,1,1,0,0,1
216,1,1,0,0,2
217,1,1,0,0,1
218,1,1,0,0,1
219,1,1,0,0,1
220,1,1,0,0,1
221,1,1,0,0,1
222,1,1,0,0,2
223,1,1,0,0,1
224,1,1,0,0,2
225,1,1,0,0,1
226,1,1,0,0,1
227,1,1,0,0,3
228,0,0,0,0,0
229,3,0,0,1,2
230,3,0,0,1,1
231,3,0,0,1,3
232,3,0,0,1,2
233,3,0,0,1,1
234,3,0,0,1,1
235,3,0,0,1,1
236,3,0,0,1,1
237,3,0,0,1,1
238,3,0,0,1,2
239,3,0,0,1,2
240,3,0,0,1,3
241,3,0,0,1,2
242,3,0,0,1,1
243,3,0,0,1,2
244,3,0,0,1,1
245,3,0,0,1,1
246,3,0,0,1,2
247,3,0,0,1,2
248,3,0,0,1,1
249,3,0,0,1,2
250,3,0,0,1,2
251,3,0,0,1,3
252,3,0,0,1,2
253,3,0,0,1,3
254,3,0,0,1,2
255,3,0,0,1,2
256,3,0,0,1,1
257,3,0,0,1,1
258,3,0,0,1,1
259,3,0,0,1,1
260,3,0,0,1,2
261,3,0,0,1,1
262,3,0,0,1,2
263,3,0,0,1,1
264,3,0,0,1,1
265,3,0,0,1,1
266,3,0,0,1,4
267,3,0,0,1,1
268,3,0,0,1,1
269,3,0,0,1,2
270,3,0,0,1,2
271,3,0,0,1,1
272,3,0,0,1,1
273,3,0,0,1,1
274,3,0,0,1,1
275,3,0,0,1,1
276,3,0,0,1,1
277,3,0,0,1,1
278,3,0,0,1,1
279,3,0,0,1,1
280,3,0,0,1,3
281,3,0,0,1,1
282,3,0,0,1,2
283,3,0,0,1,1
284,3,0,0,1,2
285,3,0,0,1,2
286,3,0,0,1,1
287,3,0,0,1,2
288,3,0,0,1,1
289,3,0,0,1,2
290,3,0,0,1,2
291,3,0,0,1,2
292,3,0,0,1,3
293,3,0,0,1,1
294,3,0,0,1,2
295,3,0,0,1,2
296,3,0,0,1,2
297,3,0,0,1,3
298,3,0,0,1,3
299,3,0,0,1,2
300,3,0,0,1,1
301,3,0,0,1,2
302,3,0,0,1,1
303,3,0,0,1,2
304,3,0,0,1,1
305,3,0,0,1,2
306,3,0,0,1,4
307,3,0,0,1,3
308,3,0,0,1,1
309,3,0,0,1,1
310,3,0,0,1,1
311,3,0,0,1,1
312,3,0,0,1,2
313,3,0,0,1,1
314,3,0,0,1,1
315,3,0,0,1,3
316,3,0,0,1,2
317,3,0,0,1,2
318,3,0,0,1,4
319,3,0,0,1,2
320,3,0,0,1,3
321,3,0,0,1,1
322,3,0,0,1,1
323,3,0,0,1,2
324,3,0,0,1,3
325,3,0,0,1,2
326,3,0,0,1,1
327,3,0,0,1,1
328,3,0,0,1,2
329,3,0,0,1,1
330,3,0,0,1,1
331,3,0,0,1,2
332,3,0,0,1,1
333,3,0,0,1,3
334,3,0,0,1,1
335,3,0,0,1,1
336,3,0,0,1,2
337,3,0,0,1,1
338,3,0,0,1,1
339,3,0,0,1,1
340,3,0,0,1,1
341,3,0,0,1,1
342,3,0,0,1,2
343,3,0,0,1,1
344,3,0,0,1,1
345,3,0,0,1,1
346,3,0,0,1,1
347,3,0,0,1,3
348,3,0,0,1,1
349,3,0,0,1,1
350,3,0,0,1,2
351,3,0,0,1,1
352,3,0,0,1,2
353,3,0,0,1,1
354,3,0,0,1,2
355,3,0,0,1,1
356,3,0,0,1,1
357,3,0,0,1,1
358,3,0,0,1,1
359,3,0,0,1,4
360,3,0,0,1,1
361,3,0,0,1,3
362,3,0,0,1,1
363,3,0,0,1,1
364,3,0,0,1,1
365,3,0,0,1,1
366,3,0,0,1,4
367,3,0,0,1,1
368,3,0,0,1,3
369,3,0,0,1,2
370,3,0,0,1,1
371,3,0,0,1,1
372,3,0,0,1,1
373,3,0,0,1,1
374,3,0,0,1,3
375,3,0,0,1,1
376,3,0,0,1,2
377,3,0,0,1,1
378,3,0,0,1,1
379,3,0,0,1,1
380,3,0,0,1,2
381,3,0,0,1,1
382,3,0,0,1,1
383,3,0,0,1,1
384,3,0,0,1,2
385,3,0,0,1,3
386,3,0,0,1,1
387,3,0,0,1,1
388,3,0,0,1,4
389,3,0,0,1,1
390,3,0,0,1,1
391,3,0,0,1,1
392,3,0,0,1,1
393,3,0,0,1,1
394,3,0,0,1,1
395,3,0,0,1,2
396,3,0,0,1,1
397,3,0,0,1,2
398,3,0,0,1,1
399,3,0,0,1,1
400,3,0,0,1,2
401,3,0,0,1,2
402,3,0,0,1,3
403,3,0,0,1,1
404,3,0,0,1,2
405,3,0,0,1,2
406,3,0,0,1,4
407,3,0,0,1,1
408,3,0,0,1,1
409,3,0,0,1,2
410,3,0,0,1,1
411,3,0,0,1,3
412,3,0,0,1,2
413,3,0,0,1,1
414,3,0,0,1,1
415,3,0,0,1,1
416,3,0,0,1,2
417,3,0,0,1,1
418,3,0,0,1,2
419,3,0,0,1,1
420,3,0,0,1,1
421,3,0,0,1,2
422,3,0,0,1,1
423,3,0,0,1,1
424,3,0,0,1,2
425,3,0,0,1,1
426,3,0,0,1,4
427,3,0,0,1,1
428,3,0,0,1,1
429,3,0,0,1,2
430,3,0,0,1,1
431,3,0,0,1,2
432,3,0,0,1,1
433,3,0,0,1,2
434,3,0,0,1,1
435,3,0,0,1,1
436,3,0,0,1,1
437,3,0,0,1,1
438,3,0,0,1,1
439,3,0,0,1,2
440,3,0,0,1,1
441,3,0,0,1,1
442,0,0,0,0,0
443,1,1,0,0,1
444,3,0,0,1,4
445,3,0,0,1,1
446,3,0,0,1,1
447,3,0,0,1,2
448,3,0,0,1,1
449,3,0,0,1,1
450,3,0,0,1,1
451,3,0,0,1,1
452,3,0,0,1,2
453,3,0,0,1,1
454,3,0,0,1,2
455,3,0,0,1,1
456,3,0,0,1,1
457,3,0,0,1,3
458,3,0,0,1,1
459,3,0,0,1,1
460,3,0,0,1,1
461,3,0,0,1,1
462,3,0,1,1,1
463,3,0,0,1,1
464,3,0,0,1,1
465,3,0,0,1,1
466,3,0,0,1,1
467,3,0,0,1,2
468,3,0,0,1,2
469,3,0,0,1,2
470,3,0,0,1,1
471,3,0,0,1,1
472,3,0,0,1,1
473,3,0,0,1,2
474,3,0,0,1,1
475,3,0,0,1,1
476,3,0,0,1,2
477,3,0,0,1,2
478,3,0,0,1,2
479,3,0,0,1,2
480,3,0,0,1,1
481,3,0,0,1,1
482,3,0,0,1,3
483,3,0,0,1,2
484,3,0,0,1,1
485,3,0,0,1,1
486,3,0,0,1,1
487,3,0,0,1,4
488,3,0,0,1,1
489,3,0,0,1,2
490,3,0,0,1,3
491,3,0,0,1,1
492,3,0,0,1,2
493,3,0,0,1,1
494,3,0,0,1,1
495,3,0,0,1,1
496,3,0,0,1,4
497,3,0,0,1,1
498,3,0,0,1,3
499,3,0,0,1,3
500,3,0,0,1,4
501,3,0,0,1,2
502,3,0,0,1,2
503,3,0,0,1,1
504,3,0,0,1,2
505,3,0,0,1,1
506,3,0,0,1,2
507,3,0,0,1,1
508,3,0,0,1,1
509,3,0,0,1,1
510,3,0,0,1,1
511,3,0,0,1,1
512,3,0,0,1,1
513,3,0,0,1,1
514,2,0,1,0,3
515,3,0,0,1,2
516,3,0,0,1,2
517,3,0,0,1,2
518,2,0,1,0,1
519,3,0,0,1,1
520,3,0,0,1,1
521,3,0,0,1,1
522,3,0,0,1,1
523,3,0,0,1,1
524,3,0,0,1,4
525,3,0,0,1,2
526,3,0,0,1,3
527,3,0,0,1,2
528,3,0,0,1,1
529,3,0,0,1,3
530,3,0,0,1,2
531,3,0,0,1,1
532,3,0,0,1,1
533,3,0,0,1,2
534,3,0,0,1,4
535,3,0,0,1,1
536,3,0,0,1,1
537,3,0,0,1,4
538,3,0,0,1,2
539,3,0,0,1,4
540,3,0,0,1,3
541,3,0,0,1,3
542,3,0,0,1,1
543,3,0,0,1,2
544,3,0,0,1,2
545,3,0,0,1,1
546,2,0,1,0,1
547,3,0,0,1,2
548,2,0,1,0,1
549,2,1,1,0,4
550,3,0,0,1,1
551,3,0,0,1,1
552,0,0,0,0,0
553,0,0,0,0,0
554,2,0,1,0,2
555,0,0,0,0,0
556,2,0,1,0,1
557,0,0,0,0,0
558,3,0,0,1,1
559,1,1,0,0,1
560,1,1,0,0,1
561,0,0,0,0,0
562,1,1,0,0,1
563,0,0,0,0,0
564,0,0,0,0,0
565,0,0,0,0,0
566,1,1,0,0,1
567,1,1,0,0,1
568,2,0,1,0,1
569,0,0,0,0,0
570,1,1,0,0,1
571,2,1,1,0,3
572,2,0,1,0,2
573,3,0,0,1,1
574,3,0,0,1,1
575,2,0,1,0,2
576,3,0,0,1,1
577,2,1,1,0,4
578,2,0,1,0,2
579,2,0,1,0,4
580,2,0,1,0,1
581,0,0,0,0,0
582,0,0,0,0,0
583,0,0,0,0,0
584,0,0,0,0,0
585,2,0,1,0,3
586,2,1,1,0,1
587,1,1,0,0,1
588,2,0,1,0,1
589,3,0,0,1,1
590,0,0,0,0,0
591,0,0,0,0,0
592,0,0,0,0,0
593,2,0,1,0,1
594,0,0,0,0,0
595,3,1,0,1,1
596,0,0,0,0,0
597,2,0,1,0,1
598,1,1,0,0,1
599,2,1,1,0,1
600,1,1,0,0,1
601,1,1,1,0,1
602,0,0,0,0,0
603,0,0,0,0,0
604,0,0,0,0,0
605,0,0,0,0,0
606,3,0,0,1,2
607,0,0,0,0,0
608,0,0,0,0,0
609,0,0,0,0,0
610,1,1,1,0,1
611,0,0,0,0,0
612,0,0,0,0,0
613,2,0,1,0,1
614,2,0,1,0,1
615,2,0,1,0,1
616,3,0,0,1,1
617,2,0,1,0,1
618,0,0,0,0,0
619,0,0,0,0,0
620,1,1,1,0,1
621,3,0,0,1,1
622,3,0,0,1,1
623,3,0,0,1,1
624,0,0,0,0,0
625,2,0,1,0,1
626,3,0,0,1,1
627,3,0,0,1,1
628,3,0,0,1,1
629,0,0,0,0,0
630,3,0,0,1,1
631,3,0,0,1,1
632,1,1,0,1,1
633,3,0,0,1,1
634,1,1,0,0,1
635,1,1,1,0,2
636,2,0,1,0,4
637,2,0,1,0,1
638,3,0,0,1,1
639,0,0,0,0,0
640,3,0,1,1,2
641,3,0,0,1,2
642,3,0,0,1,1
643,0,0,0,0,0
644,1,1,1,0,2
645,3,0,0,1,1
646,1,1,0,0,1
647,1,1,0,0,1
648,2,0,1,0,1
649,3,0,0,1,1
650,0,0,0,0,0
651,0,0,0,0,0
652,1,1,0,0,3
653,0,0,0,0,0
654,1,1,0,0,2
655,1,1,0,0,1
656,1,1,0,0,1
657,2,0,1,0,1
658,0,0,0,0,0
659,0,0,0,0,0
660,1,1,0,0,2
661,0,0,0,0,0
662,1,1,0,0,1
663,1,1,0,0,2
664,1,1,0,0,2
665,1,1,0,0,1
666,0,0,0,0,0
667,2,0,1,0,2
668,0,0,0,0,0
669,1,1,0,0,1
670,1,1,0,0,1
671,2,0,1,0,4
672,0,0,0,0,0
673,0,0,0,0,0
674,1,1,0,0,2
675,2,1,1,0,1
676,2,1,1,0,1
677,2,0,1,0,1
678,1,1,0,0,1
679,2,0,1,0,3
680,1,1,0,0,2
681,1,1,0,0,1
682,1,1,0,0,1
683,2,0,1,0,1
684,1,1,0,0,2
685,2,0,1,0,1
686,2,1,1,0,3
687,1,1,0,0,1
688,2,0,1,1,1
689,2,0,1,0,1
690,0,0,0,0,0
691,1,1,0,0,1
692,1,1,0,0,1
693,1,1,0,0,1
694,1,1,0,0,1
695,1,1,0,0,1
696,2,1,1,0,4
697,0,0,0,0,0
698,1,1,0,0,2
699,0,0,0,0,0
700,1,1,0,0,1
701,2,0,1,0,2
702,2,1,1,0,1
703,0,0,0,0,0
704,0,0,0,0,0
705,1,1,0,0,1
706,0,0,0,0,0
707,2,1,1,0,2
708,0,0,0,0,0
709,1,1,0,0,2
710,2,0,1,0,1
711,0,0,0,0,0
712,2,0,1,0,2
713,0,0,0,0,0
714,1,1,0,0,1
715,1,1,0,0,2
716,2,1,1,0,3
717,1,1,0,0,1
718,0,0,0,0,0
719,0,0,0,0,0
720,2,0,1,0,1
721,1,1,0,0,1
722,1,1,0,0,1
723,0,0,0,0,0
724,2,0,1,0,1
725,1,1,0,0,1
726,0,0,0,0,0
727,1,1,0,0,1
728,1,1,0,0,1
729,2,0,1,0,2
730,1,1,0,0,1
731,1,1,0,0,1
732,2,0,1,0,1
733,0,0,0,0,0
734,1,1,0,0,1
735,0,0,0,0,0
736,0,0,0,0,0
737,0,0,0,0,0
738,1,1,0,0,1
739,0,0,0,0,0
740,0,0,0,0,0
741,1,1,0,0,1
742,1,1,1,0,1
743,1,1,0,0,1
744,2,0,1,0,2
745,1,1,0,0,2
746,2,0,1,0,1
747,2,0,1,0,1
748,0,0,0,0,0
749,1,1,0,0,1
750,1,1,0,0,2
751,0,0,0,0,0
752,0,0,0,0,0
753,1,1,1,0,3
754,1,1,0,0,1
755,2,1,1,0,3
756,1,1,0,0,1
757,2,0,1,0,1
758,1,1,1,0,3
759,1,1,0,0,2
760,2,0,1,0,4
761,1,1,0,0,1
762,0,0,0,0,0
763,2,0,1,0,1
764,2,1,1,0,4
765,2,0,1,0,4
766,1,1,0,0,3
767,1,1,0,0,1
768,2,0,1,0,2
769,0,0,0,0,0
770,3,0,0,1,3
771,2,1,1,0,2
772,2,0,1,0,1
773,2,0,1,0,1
774,0,0,0,0,0
775,0,0,0,0,0
776,1,1,1,0,1
777,2,0,1,0,1
778,1,1,0,0,1
779,2,0,1,0,1
780,1,1,0,0,1
781,1,1,0,0,2
782,2,0,1,0,3
783,0,0,0,0,0
784,0,0,0,0,0
785,0,0,0,0,0
786,0,0,0,0,0
787,1,1,0,0,1
788,0,0,0,0,0
789,0,0,0,0,0
790,2,0,1,0,2
791,0,0,0,0,0
792,1,1,0,0,1
793,1,1,0,0,1
794,1,1,0,0,1
795,0,0,0,0,0
796,1,1,0,0,1
797,1,1,0,0,2
798,1,1,0,0,1
799,0,0,0,0,0
800,0,0,0,0,0
801,1,1,1,0,2
802,1,1,0,0,1
803,0,0,0,0,0
804,1,1,0,0,1
805,2,0,1,0,1
806,0,0,0,0,0
807,1,1,1,0,1
808,1,1,0,0,1
809,1,1,0,0,1
810,0,0,0,0,0
811,0,0,0,0,0
812,0,0,0,0,0
813,1,1,0,0,1
814,1,1,0,0,2
815,1,1,0,0,2
816,2,0,1,0,1
817,2,0,1,0,1
818,1,1,0,0,1
819,1,1,0,0,1
820,1,1,0,0,1
821,1,1,0,0,2
822,2,0,1,0,1
823,0,0,0,0,0
824,1,1,0,0,1
825,1,1,0,0,1
826,1,1,1,0,2
827,1,1,1,0,2
828,1,1,0,0,2
829,1,1,0,0,2
830,1,1,0,0,1
831,1,1,0,0,1
832,1,1,0,0,3
833,1,1,0,0,2
834,0,0,0,0,0
835,2,0,1,0,1
836,0,0,0,0,0
837,2,0,1,0,1
838,2,0,1,0,2
839,2,0,1,0,1
840,2,0,1,0,1
841,0,0,0,0,0
842,2,0,1,0,1
843,0,0,0,0,0
844,1,1,0,0,1
845,1,1,0,0,1
846,2,1,1,0,2
847,0,0,0,0,0
848,1,1,0,0,1
849,1,1,0,0,2
850,1,1,0,0,2
851,1,1,0,0,2
852,1,1,0,0,2
853,2,1,1,0,4
854,1,1,0,0,1
855,2,0,1,0,2
856,1,1,0,0,3
857,1,1,0,0,2
858,1,1,0,0,1
859,1,1,0,0,3
860,0,0,0,0,0
861,1,1,0,0,1
862,1,1,0,0,1
863,1,1,0,0,2
864,1,1,0,0,2
865,0,0,0,0,0
866,1,1,1,0,1
867,0,0,0,0,0
868,2,1,1,0,2
869,0,0,0,0,0
870,1,1,0,0,3
871,0,0,0,0,0
872,1,1,0,0,1
873,0,0,0,0,0
874,1,1,0,0,2
875,0,0,0,0,0
876,1,1,0,0,1
877,1,1,0,0,2
878,0,0,0,0,0
879,1,1,0,0,2
880,2,0,1,0,1
881,2,0,1,0,2
882,1,1,0,0,1
883,1,1,0,0,2
884,1,1,0,0,1
885,0,0,0,0,0
886,0,0,0,0,0
887,0,0,0,0,0
888,0,0,0,0,0
889,0,0,0,0,0
890,0,0,0,0,0
891,0,0,0,0,0
892,0,0,0,0,0
893,0,0,0,0,0
894,0,0,0,0,0
895,0,0,0,0,0
896,0,0,0,0,0
897,0,0,0,0,0
898,0,0,0,0,0
899,0,0,0,0,0
900,0,0,0,0,0
901,0,0,0,0,0
902,0,0,0,0,0
903,0,0,0,0,0
904,0,0,0,0,0
905,0,0,0,0,0
906,0,0,0,0,0
907,0,0,0,0,0
908,0,0,0,0,0
909,0,0,0,0,0
910,0,0,0,0,0
911,0,0,0,0,0
912,0,0,0,0,0
913,0,0,0,0,0
914,0,0,0,0,0
915,0,0,0,0,0
916,0,0,0,0,0
917,0,0,0,0,0
918,0,0,0,0,0
919,0,0,0,0,0
920,0,0,0,0,0
921,0,0,0,0,0
922,0,0,0,0,0
923,0,0,0,0,0
924,0,0,0,0,0
925,0,0,0,0,0
926,0,0,0,0,0
927,0,0,0,0,0
928,0,0,0,0,0
929,0,0,0,0,0
930,0,0,0,0,0
931,0,0,0,0,0
932,0,0,0,0,0
933,0,0,0,0,0
934,0,0,0,0,0
935,0,0,0,0,0
936,0,0,0,0,0
937,0,0,0,0,0
938,0,0,0,0,0
939,0,0,0,0,0
940,0,0,0,0,0
941,0,0,0,0,0
942,0,0,0,0,0
943,0,0,0,0,0
944,0,0,0,0,0
945,0,0,0,0,0
946,0,0,0,0,0
947,0,0,0,0,0
948,3,0,0,1,1
949,1,1,0,0,1
950,0,0,0,0,0
951,0,0,0,0,0
952,1,1,0,0,1
953,0,0,0,0,0
954,1,1,0,0,1
955,1,1,0,0,1
956,1,1,0,0,1
957,1,1,0,0,1
958,0,0,0,0,0
959,0,0,0,0,0
960,2,0,1,0,1
961,2,0,1,0,1
962,1,1,0,0,1
963,1,1,0,0,1
964,1,1,0,0,1
965,1,1,0,0,1
966,1,1,0,0,1
967,2,0,1,0,1
968,1,1,0,0,1
969,1,1,0,0,1
970,1,1,0,0,1
971,2,0,1,0,1
972,1,1,0,0,1
973,1,1,0,0,2
974,1,1,0,0,1
975,1,1,0,0,1
976,2,0,1,0,1
977,1,1,0,0,2
978,1,1,0,0,1
979,1,1,0,0,1
980,1,1,1,0,1
981,1,1,0,0,1
982,1,1,0,0,1
983,2,1,1,0,2
984,1,1,0,0,1
985,2,0,1,0,1
986,0,0,0,0,0
987,1,1,0,0,1
988,1,1,0,0,1
989,1,1,0,0,1
990,1,1,0,0,1
991,1,1,0,0,1
992,1,1,0,0,1
993,0,0,0,0,0
994,0,0,0,0,0
995,0,0,0,0,0
996,1,1,0,0,1
997,1,1,0,0,2
998,2,0,1,0,1
999,1,1,0,0,2
1000,0,0,0,0,0
1001,1,1,0,0,1
1002,1,1,0,0,1
1003,1,1,0,0,1
1004,1,1,0,0,1
1005,1,1,0,0,2
1006,2,0,1,0,1
1007,1,1,1,0,2
1008,1,1,0,0,1
1009,1,1,0,0,1
1010,1,1,0,0,3
1011,0,0,0,0,0
1012,1,1,0,0,2
1013,0,0,0,0,0
1014,1,1,0,0,1
1015,0,0,0,0,0
1016,1,1,0,0,1
1017,1,1,0,0,1
1018,1,1,0,0,1
1019,1,1,0,0,2
1020,0,0,0,0,0
1021,1,1,0,0,3
1022,1,1,0,0,1
1023,2,0,1,0,1
1024,2,0,1,0,1
1025,0,0,0,0,0
1026,1,1,0,0,1
1027,0,0,0,0,0
1028,2,0,1,0,3
1029,1,1,0,0,1
1030,1,1,0,0,1
1031,0,0,0,0,0
1032,1,1,0,0,1
1033,0,0,0,0,0
1034,2,0,1,0,1
1035,2,1,1,0,1
1036,1,1,0,0,1
1037,1,1,0,0,1
1038,1,1,0,0,1
1039,1,1,1,0,1
1040,1,1,1,0,1
1041,1,1,0,0,2
1042,2,0,1,0,1
1043,1,1,1,0,1
1044,0,0,0,0,0
1045,1,1,0,0,1
1046,1,1,0,0,1
1047,1,1,0,0,1
1048,1,1,0,0,2
1049,0,0,0,0,0
1050,2,0,1,0,1
1051,2,0,1,0,1
1052,1,1,0,0,1
1053,1,1,0,0,1
1054,0,0,0,0,0
1055,0,0,0,0,0
1056,1,1,0,0,1
1057,0,0,0,0,0
1058,1,1,0,0,1
1059,1,1,0,0,2
1060,1,1,0,0,1
1061,2,0,1,0,1
1062,1,1,0,0,1
1063,0,0,0,0,0
1064,2,1,1,0,4
1065,1,1,0,0,1
1066,0,0,0,0,0
1067,1,1,1,0,1
1068,1,1,0,0,1
1069,1,1,0,0,1
1070,1,1,0,0,1
1071,1,1,0,0,1
1072,1,1,0,0,1
1073,0,0,0,0,0
1074,1,1,0,0,3
1075,1,1,0,0,1
1076,1,1,0,0,1
1077,1,1,0,0,1
1078,1,1,0,0,1
1079,2,0,1,0,2
1080,1,1,0,0,1
1081,1,1,0,0,2
1082,1,1,0,0,2
1083,1,1,0,0,1
1084,1,1,0,0,1
1085,1,1,0,0,2
1086,1,1,0,0,3
1087,3,0,0,1,2
1088,3,0,0,1,1
1089,2,0,1,0,2
1090,0,0,0,0,0
1091,0,0,0,0,0
1092,1,1,0,0,1
1093,1,1,0,0,1
1094,0,0,0,0,0
1095,1,1,0,0,2
1096,1,1,0,0,1
1097,1,1,0,0,1
1098,1,1,0,0,3
1099,1,1,0,0,1
1100,0,0,0,0,0
1101,1,1,0,0,2
1102,1,1,0,0,2
1103,1,1,0,0,1
1104,2,0,1,0,1
1105,0,0,0,0,0
1106,1,1,0,0,1
1107,1,1,0,0,1
1108,1,1,0,0,1
1109,1,1,0,0,2
1110,2,0,1,0,1
1111,1,1,0,0,2
1112,1,1,0,0,1
1113,1,1,0,0,1
1114,3,0,0,1,1
1115,0,0,0,0,0
1116,0,0,0,0,0
1117,1,1,0,0,1
1118,0,0,0,0,0
1119,0,0,0,0,0
1120,3,0,0,1,1
1121,0,0,0,0,0
1122,1,1,1,0,1
1123,1,1,0,0,1
1124,1,1,0,0,1
1125,2,1,1,0,2
1126,1,1,0,0,1
1127,0,0,0,0,0
1128,0,0,0,0,0
1129,3,0,0,1,2
1130,0,0,0,0,0
1131,1,1,0,0,1
1132,0,0,0,0,0
1133,1,1,0,0,2
1134,0,0,0,0,0
1135,1,1,0,0,1
1136,1,1,0,0,1
1137,2,0,1,0,1
1138,1,1,0,0,2
1139,1,1,0,0,1
1140,2,1,1,0,1
1141,1,1,0,0,3
1142,1,1,0,0,1
1143,1,1,0,0,1
1144,1,1,0,0,1
1145,1,1,0,0,1
1146,1,1,0,0,1
1147,0,0,0,0,0
1148,1,1,0,0,1
1149,1,1,0,0,1
1150,1,1,1,0,2
1151,1,1,0,0,1
1152,1,1,1,0,1
1153,0,0,0,0,0
1154,1,1,0,0,1
1155,0,0,0,0,0
1156,0,0,0,0,0
1157,0,0,0,0,0
1158,2,0,1,0,1
1159,2,0,1,0,1
1160,2,0,1,0,1
1161,2,0,1,0,1
1162,2,0,1,0,1
1163,2,1,1,0,3
1164,2,1,1,0,3
1165,2,0,1,0,1
1166,2,0,1,0,2
1167,2,0,1,0,1
1168,2,0,1,0,1
1169,1,1,1,0,1
1170,2,1,1,0,3
1171,1,1,0,0,2
1172,2,0,1,0,1
1173,1,1,1,0,1
1174,2,1,1,0,4
1175,2,0,1,0,1
1176,2,0,1,0,2
1177,2,1,1,0,1
1178,2,0,1,0,2
1179,2,0,1,0,1
1180,2,0,1,0,1
1181,2,0,1,0,4
1182,2,0,1,0,2
1183,2,0,1,0,2
1184,2,0,1,0,4
1185,2,0,1,0,2
1186,2,0,1,0,1
1187,2,1,1,0,2
1188,2,0,1,0,1
1189,2,0,1,0,1
1190,2,0,1,0,1
1191,2,0,1,0,1
1192,2,1,1,0,3
1193,2,0,1,0,1
1194,2,0,1,0,1
1195,2,1,1,0,4
1196,2,0,1,0,4
1197,2,0,1,0,1
1198,2,0,1,0,1
1199,2,0,1,0,1
1200,2,0,1,0,1
1201,2,1,1,0,2
1202,2,0,1,0,2
1203,2,0,1,0,2
1204,2,0,1,0,1
1205,2,1,1,0,1
1206,2,0,1,0,1
1207,2,1,1,0,3
1208,2,0,1,0,1
1209,2,0,1,0,1
1210,2,1,1,0,3
1211,2,0,1,0,2
1212,2,0,1,0,2
1213,2,0,1,0,2
1214,2,0,1,0,1
1215,2,0,1,0,1
1216,2,0,1,0,4
1217,2,0,1,0,1
1218,2,0,1,0,1
1219,2,0,1,0,2
1220,1,1,1,0,1
1221,2,0,1,0,1
1222,2,0,1,0,2
1223,2,1,1,0,2
1224,1,1,0,0,1
1225,2,0,1,0,2
1226,2,0,1,0,1
1227,2,0,1,0,4
1228,2,0,1,0,2
1229,1,1,1,0,1
1230,1,1,1,0,2
1231,1,1,1,0,2
1232,2,0,1,0,3
1233,1,1,0,0,2
1234,2,1,1,0,1
1235,2,0,1,0,1
1236,2,1,1,0,4
1237,1,1,1,0,1
1238,1,1,0,0,3
1239,1,1,0,0,1
1240,2,0,1,0,1
1241,2,1,1,0,4
1242,2,1,1,0,4
1243,2,0,1,0,1
1244,2,0,1,0,2
1245,2,0,1,0,2
1246,2,0,1,0,2
1247,2,0,1,0,1
1248,2,0,1,0,1
1249,2,0,1,0,1
1250,2,0,1,0,1
1251,2,0,1,0,1
1252,2,0,1,0,1
1253,2,0,1,0,3
1254,2,0,1,0,2
1255,2,0,1,0,4
1256,1,1,1,0,3
1257,2,0,1,0,2
1258,2,0,1,0,1
1259,2,0,1,0,3
1260,2,0,1,0,1
1261,2,0,1,0,1
1262,2,0,1,0,1
1263,2,0,1,0,1
1264,1,1,0,0,1
1265,2,0,1,0,2
1266,2,0,1,0,1
1267,2,0,1,0,1
1268,2,1,1,0,2
1269,2,0,1,0,2
1270,2,0,1,0,1
1271,2,0,1,0,3
1272,2,0,1,0,2
1273,1,1,0,0,1
1274,2,0,1,0,1
1275,2,0,1,0,1
1276,2,0,1,0,1
1277,2,0,1,0,1
1278,2,0,1,0,1
1279,2,0,1,0,1
1280,2,0,1,0,1
1281,0,0,0,0,0
1282,2,0,1,0,1
1283,2,0,1,0,1
1284,2,0,1,0,1
1285,2,0,1,0,1
1286,2,0,1,0,1
1287,2,0,1,0,1
1288,2,0,1,0,1
1289,2,1,1,0,1
1290,2,1,1,0,2
1291,2,0,1,0,2
1292,2,0,1,0,1
1293,2,0,1,0,1
1294,2,0,1,0,1
1295,2,0,1,0,1
1296,2,0,1,0,3
1297,2,0,1,0,1
1298,2,0,1,0,2
1299,2,0,1,0,2
1300,1,1,0,0,2
1301,2,1,1,0,2
1302,2,0,1,0,3
1303,2,0,1,0,1
1304,2,0,1,0,2
1305,2,0,1,0,1
1306,2,0,1,0,1
1307,2,1,1,0,4
1308,2,0,1,0,2
1309,2,0,1,0,1
1310,2,0,1,0,1
1311,2,1,1,0,1
1312,2,0,1,0,1
1313,2,0,1,0,2
1314,2,0,1,0,1
1315,1,1,1,0,1
1316,2,0,1,0,2
1317,2,0,1,0,1
1318,2,0,1,0,1
1319,2,0,1,0,1
1320,2,1,1,0,1
1321,1,1,1,0,1
1322,2,0,1,0,2
1323,2,1,1,0,1
1324,2,1,1,0,2
1325,2,0,1,0,2
1326,2,0,1,0,1
1327,2,0,1,0,1
1328,2,0,1,0,1
1329,2,0,1,0,1
1330,2,0,1,0,2
1331,2,0,1,0,2
1332,2,0,1,0,2
1333,2,0,1,0,1
1334,1,1,1,0,1
1335,2,0,1,0,1
1336,2,0,1,0,1
1337,2,0,1,0,1
1338,2,1,1,0,3
1339,2,0,1,0,3
1340,2,0,1,0,1
1341,2,0,1,0,1
1342,2,0,1,0,1
1343,2,0,1,0,1
1344,2,0,1,0,4
1345,1,1,0,0,1
1346,1,1,1,0,1
1347,2,0,1,0,1
1348,2,0,1,0,2
1349,2,1,1,0,2
1350,2,0,1,0,1
1351,1,1,1,0,1
1352,1,1,0,0,1
1353,2,1,1,0,2
1354,2,0,1,0,1
1355,2,0,1,0,1
1356,2,0,1,0,1
1357,2,0,1,0,1
1358,2,0,1,0,1
1359,2,0,1,0,1
1360,2,0,1,0,4
1361,2,0,1,0,3
1362,2,0,1,0,2
1363,2,0,1,0,2
1364,2,0,1,0,2
1365,2,0,1,0,1
1366,2,0,1,0,4
1367,1,1,0,0,1
1368,2,0,1,0,1
1369,1,1,0,0,1
1370,2,0,1,0,1
1371,1,1,0,0,1
1372,2,0,1,0,1
1373,2,0,1,0,3
1374,1,1,0,0,1
1375,2,1,1,0,1
1376,2,0,1,0,1
1377,2,0,1,0,1
1378,2,0,1,0,1
1379,2,0,1,0,3
1380,2,0,1,0,1
1381,2,0,1,0,2
1382,2,0,1,0,1
1383,1,1,1,0,1
1384,2,0,1,0,1
1385,2,0,1,0,2
1386,2,0,1,0,2
1387,1,1,0,0,1
1388,2,1,1,0,1
1389,2,0,1,0,1
1390,2,0,1,0,1
1391,2,0,1,0,1
1392,1,1,0,0,1
1393,2,0,1,0,1
1394,1,1,1,0,1
1395,2,0,1,0,1
1396,2,1,1,0,2
1397,2,0,1,0,2
1398,2,0,1,0,4
1399,2,0,1,0,1
1400,1,1,1,0,1
1401,2,0,1,0,2
1402,2,0,1,0,1
1403,2,0,1,0,1
1404,2,0,1,0,2
1405,2,0,1,0,1
1406,2,0,1,0,3
1407,2,0,1,0,1
1408,2,0,1,0,1
1409,2,0,1,0,1
1410,2,0,1,0,2
1411,2,1,1,0,1
1412,2,0,1,0,1
1413,2,1,1,0,2
1414,2,0,1,0,1
1415,2,0,1,0,1
1416,2,1,1,0,2
1417,2,0,1,0,1
1418,2,0,1,0,1
1419,2,0,1,0,2
1420,1,1,0,0,1
1421,2,1,1,0,2
1422,2,0,1,0,2
1423,2,0,1,0,1
1424,2,0,1,0,2
1425,2,0,1,0,1
1426,2,0,1,0,1
1427,2,0,1,0,1
1428,2,0,1,0,2
1429,2,1,1,0,2
1430,2,0,1,0,1
1431,2,0,1,0,1
1432,2,0,1,0,3
1433,1,1,0,0,1
1434,2,0,1,0,1
1435,2,1,1,0,2
1436,2,0,1,0,1
1437,2,0,1,0,1
1438,2,0,1,0,1
1439,2,0,1,0,1
1440,2,1,1,0,1
1441,2,0,1,0,2
1442,2,0,1,0,2
1443,2,0,1,0,3
1444,2,0,1,0,1
1445,2,0,1,0,1
1446,1,1,0,0,1
1447,2,0,1,0,3
1448,2,0,1,0,3
1449,2,0,1,0,1
1450,2,0,1,0,1
1451,2,0,1,0,1
1452,2,0,1,0,1
1453,2,0,1,0,1
1454,2,0,1,0,1
1455,2,0,1,0,1
1456,2,0,1,0,1
1457,2,0,1,0,1
1458,2,0,1,0,2
1459,2,0,1,0,4
1460,2,0,1,0,2
1461,2,0,1,0,2
1462,2,0,1,0,1
1463,2,0,1,0,3
1464,2,0,1,0,1
1465,2,0,1,0,2
1466,2,0,1,0,1
1467,2,0,1,0,2
1468,2,0,1,0,1
1469,2,0,1,0,4
1470,0,0,0,0,0
1471,2,0,1,0,1
1472,2,0,1,0,1
1473,2,0,1,0,1
1474,2,0,1,0,2
1475,2,1,1,0,2
1476,2,0,1,0,4
1477,2,0,1,0,2
1478,2,0,1,0,1
1479,2,0,1,0,1
1480,2,0,1,0,1
1481,2,0,1,0,1
1482,2,0,1,0,2
1483,2,0,1,0,4
1484,2,0,1,0,1
1485,2,0,1,0,1
1486,2,0,1,0,1
1487,2,0,1,0,1
1488,2,0,1,0,1
1489,2,0,1,0,1
1490,2,0,1,0,2
1491,2,0,1,0,2
1492,2,0,1,0,1
1493,2,0,1,0,2
1494,2,0,1,0,1
1495,2,0,1,0,1
1496,2,0,1,0,1
1497,2,0,1,0,2
1498,2,0,1,0,1
1499,2,0,1,0,2
1500,2,1,1,0,2
1501,2,0,1,0,2
1502,2,0,1,0,2
1503,2,0,1,0,1
1504,0,0,0,0,0
1505,2,0,1,0,1
1506,0,0,0,0,0
1507,2,0,1,0,1
1508,2,0,1,0,2
1509,2,0,1,0,1
1510,2,0,1,0,1
1511,2,0,1,0,1
1512,2,0,1,0,2
1513,2,0,1,0,2
1514,2,0,1,0,1
1515,2,0,1,0,2
1516,2,0,1,0,1
1517,2,1,1,0,4
1518,2,0,1,0,3
1519,2,0,1,0,3
1520,2,0,1,0,1
1521,2,0,1,0,2
1522,2,0,1,0,1
1523,1,1,0,0,1
1524,2,0,1,0,2
1525,2,1,1,0,1
1526,2,0,1,0,1
1527,2,0,1,0,1
1528,2,0,1,0,1
1529,2,0,1,0,1
1530,3,0,0,1,1
1531,2,0,1,0,2
1532,2,0,1,0,2
1533,2,0,1,0,1
1534,0,0,0,0,0
1535,2,0,1,0,2
1536,2,0,1,0,2
1537,2,0,1,0,1
